{
  "hash": "0f554550",
  "configHash": "fabe7fcf",
  "lockfileHash": "b390d740",
  "browserHash": "4a2654d8",
  "optimized": {
    "@angular/cdk/scrolling": {
      "src": "../../../../../node_modules/@angular/cdk/fesm2022/scrolling.mjs",
      "file": "@angular_cdk_scrolling.js",
      "fileHash": "74fb86f0",
      "needsInterop": false
    },
    "@angular/common": {
      "src": "../../../../../node_modules/@angular/common/fesm2022/common.mjs",
      "file": "@angular_common.js",
      "fileHash": "13838436",
      "needsInterop": false
    },
    "@angular/common/http": {
      "src": "../../../../../node_modules/@angular/common/fesm2022/http.mjs",
      "file": "@angular_common_http.js",
      "fileHash": "b0fca4a5",
      "needsInterop": false
    },
    "@angular/core": {
      "src": "../../../../../node_modules/@angular/core/fesm2022/core.mjs",
      "file": "@angular_core.js",
      "fileHash": "810484ac",
      "needsInterop": false
    },
    "@angular/forms": {
      "src": "../../../../../node_modules/@angular/forms/fesm2022/forms.mjs",
      "file": "@angular_forms.js",
      "fileHash": "13f49cf9",
      "needsInterop": false
    },
    "@angular/material/button": {
      "src": "../../../../../node_modules/@angular/material/fesm2022/button.mjs",
      "file": "@angular_material_button.js",
      "fileHash": "8fcbb0eb",
      "needsInterop": false
    },
    "@angular/material/dialog": {
      "src": "../../../../../node_modules/@angular/material/fesm2022/dialog.mjs",
      "file": "@angular_material_dialog.js",
      "fileHash": "27f5ca5e",
      "needsInterop": false
    },
    "@angular/material/form-field": {
      "src": "../../../../../node_modules/@angular/material/fesm2022/form-field.mjs",
      "file": "@angular_material_form-field.js",
      "fileHash": "8a6ebd9f",
      "needsInterop": false
    },
    "@angular/material/input": {
      "src": "../../../../../node_modules/@angular/material/fesm2022/input.mjs",
      "file": "@angular_material_input.js",
      "fileHash": "303ebbaf",
      "needsInterop": false
    },
    "@angular/platform-browser": {
      "src": "../../../../../node_modules/@angular/platform-browser/fesm2022/platform-browser.mjs",
      "file": "@angular_platform-browser.js",
      "fileHash": "782447c0",
      "needsInterop": false
    },
    "@angular/platform-browser/animations": {
      "src": "../../../../../node_modules/@angular/platform-browser/fesm2022/animations.mjs",
      "file": "@angular_platform-browser_animations.js",
      "fileHash": "4ddb1cbd",
      "needsInterop": false
    },
    "@angular/router": {
      "src": "../../../../../node_modules/@angular/router/fesm2022/router.mjs",
      "file": "@angular_router.js",
      "fileHash": "a5235094",
      "needsInterop": false
    },
    "highlight.js": {
      "src": "../../../../../node_modules/highlight.js/es/index.js",
      "file": "highlight__js.js",
      "fileHash": "9060a084",
      "needsInterop": false
    },
    "ngx-highlightjs": {
      "src": "../../../../../node_modules/ngx-highlightjs/fesm2022/ngx-highlightjs.mjs",
      "file": "ngx-highlightjs.js",
      "fileHash": "fb7e39f5",
      "needsInterop": false
    },
    "rxjs": {
      "src": "../../../../../node_modules/rxjs/dist/esm5/index.js",
      "file": "rxjs.js",
      "fileHash": "a9aad6da",
      "needsInterop": false
    }
  },
  "chunks": {
    "chunk-7AWQUY4U": {
      "file": "chunk-7AWQUY4U.js"
    },
    "chunk-ULX3QMEO": {
      "file": "chunk-ULX3QMEO.js"
    },
    "chunk-GMPJJHP6": {
      "file": "chunk-GMPJJHP6.js"
    },
    "chunk-4N77BQ3O": {
      "file": "chunk-4N77BQ3O.js"
    },
    "chunk-T3TCJMKO": {
      "file": "chunk-T3TCJMKO.js"
    },
    "chunk-CLSIFRMR": {
      "file": "chunk-CLSIFRMR.js"
    },
    "chunk-RHY5TD53": {
      "file": "chunk-RHY5TD53.js"
    },
    "chunk-5FNLKFP2": {
      "file": "chunk-5FNLKFP2.js"
    },
    "chunk-G6CTPJJW": {
      "file": "chunk-G6CTPJJW.js"
    },
    "chunk-RRHU72R7": {
      "file": "chunk-RRHU72R7.js"
    },
    "chunk-J6R3UAEF": {
      "file": "chunk-J6R3UAEF.js"
    },
    "chunk-ASLTLD6L": {
      "file": "chunk-ASLTLD6L.js"
    }
  }
}